ID,Name,alreadyGotFlagId,resourceItemCategory01,resourceItemCategory02,resourceItemCategory03,resourceItemCategory04,resourceItemCategory05,resourceItemCategory06,resourceItemCategory07,resourceItemCategory08,isAddLottery,pad1,lotBasePoint01,lotBasePoint02,lotBasePoint03,lotBasePoint04,lotBasePoint05,lotBasePoint06,lotBasePoint07,lotBasePoint08,itemNum01,itemNum02,itemNum03,itemNum04,itemNum05,itemNum06,itemNum07,itemNum08,spLotPointRate01,spLotPointRate02,spLotPointRate03,spLotPointRate04,spLotPointRate05,spLotPointRate06,spLotPointRate07,spLotPointRate08,
0,for test -- テスト用,-1,0,0,0,0,0,0,0,0,0,[0|0|0|0|0|0|0],0,0,0,0,0,0,0,0,0,0,0,0,0,0,0,0,0,0,0,0,0,0,0,0
1980,Form fee acquisition &amp; acquisition rate UP test -- 形代入手 & 入手率UPテスト,-1,1,1,99999,99999,99999,99999,99999,99999,0,[0|0|0|0|0|0|0],90,10,0,0,0,0,0,0,2,1,0,0,0,0,0,0,1,0,0,0,0,0,0,0
1985,Resurrection right acquisition &amp; acquisition amount UP test 1 -- 復活権入手 & 入手量UPテスト1,-1,5,99999,99999,99999,99999,99999,99999,99999,0,[0|0|0|0|0|0|0],100,0,0,0,0,0,0,0,10,0,0,0,0,0,0,0,0,0,0,0,0,0,0,0
1986,Resurrection right acquisition &amp; acquisition amount UP test 2 -- 復活権入手 & 入手量UPテスト2,-1,5,99999,99999,99999,99999,99999,99999,99999,1,[0|0|0|0|0|0|0],100,0,0,0,0,0,0,0,10,0,0,0,0,0,0,0,0,0,0,0,0,0,0,0
1000000,Samurai residence_100% white charge_00 -- 武家屋敷_白形代100%_00,51001000,1,99999,99999,99999,99999,99999,99999,99999,0,[0|0|0|0|0|0|0],100,0,0,0,0,0,0,0,1,0,0,0,0,0,0,0,0,0,0,0,0,0,0,0
1000010,Samurai residence_100% white charge_01 -- 武家屋敷_白形代100%_01,51001001,1,99999,99999,99999,99999,99999,99999,99999,0,[0|0|0|0|0|0|0],100,0,0,0,0,0,0,0,1,0,0,0,0,0,0,0,0,0,0,0,0,0,0,0
1000020,Samurai residence_100% white charge_02 -- 武家屋敷_白形代100%_02,51001002,1,99999,99999,99999,99999,99999,99999,99999,0,[0|0|0|0|0|0|0],100,0,0,0,0,0,0,0,1,0,0,0,0,0,0,0,0,0,0,0,0,0,0,0
1000030,Samurai residence_100% white charge_03 -- 武家屋敷_白形代100%_03,51001003,1,99999,99999,99999,99999,99999,99999,99999,0,[0|0|0|0|0|0|0],100,0,0,0,0,0,0,0,1,0,0,0,0,0,0,0,0,0,0,0,0,0,0,0
1000040,Samurai residence_100% white charge_04 -- 武家屋敷_白形代100%_04,51001004,1,99999,99999,99999,99999,99999,99999,99999,0,[0|0|0|0|0|0|0],100,0,0,0,0,0,0,0,1,0,0,0,0,0,0,0,0,0,0,0,0,0,0,0
1000050,Samurai residence_100% white charge_05 -- 武家屋敷_白形代100%_05,51001005,1,99999,99999,99999,99999,99999,99999,99999,0,[0|0|0|0|0|0|0],100,0,0,0,0,0,0,0,1,0,0,0,0,0,0,0,0,0,0,0,0,0,0,0
1000060,Samurai residence_100% white charge_06 -- 武家屋敷_白形代100%_06,51001006,1,99999,99999,99999,99999,99999,99999,99999,0,[0|0|0|0|0|0|0],100,0,0,0,0,0,0,0,1,0,0,0,0,0,0,0,0,0,0,0,0,0,0,0
1000070,Samurai residence_100% white charge_07 -- 武家屋敷_白形代100%_07,51001007,1,99999,99999,99999,99999,99999,99999,99999,0,[0|0|0|0|0|0|0],100,0,0,0,0,0,0,0,1,0,0,0,0,0,0,0,0,0,0,0,0,0,0,0
1000080,Samurai residence_100% white charge_08 -- 武家屋敷_白形代100%_08,51001008,1,99999,99999,99999,99999,99999,99999,99999,0,[0|0|0|0|0|0|0],100,0,0,0,0,0,0,0,1,0,0,0,0,0,0,0,0,0,0,0,0,0,0,0
1100000,Castle_white _100% _00 -- 城下_白形代100%_00,51101000,1,99999,99999,99999,99999,99999,99999,99999,0,[0|0|0|0|0|0|0],100,0,0,0,0,0,0,0,1,0,0,0,0,0,0,0,0,0,0,0,0,0,0,0
1100010,Castle_white _100% _01 -- 城下_白形代100%_0１,51101001,1,99999,99999,99999,99999,99999,99999,99999,0,[0|0|0|0|0|0|0],100,0,0,0,0,0,0,0,1,0,0,0,0,0,0,0,0,0,0,0,0,0,0,0
1100020,Castle_white _100% _02 -- 城下_白形代100%_02,51101002,1,99999,99999,99999,99999,99999,99999,99999,0,[0|0|0|0|0|0|0],100,0,0,0,0,0,0,0,1,0,0,0,0,0,0,0,0,0,0,0,0,0,0,0
1100030,Castle_white _100% _03 -- 城下_白形代100%_03,51101003,1,99999,99999,99999,99999,99999,99999,99999,0,[0|0|0|0|0|0|0],100,0,0,0,0,0,0,0,1,0,0,0,0,0,0,0,0,0,0,0,0,0,0,0
1100040,Castle_white _100% _04 -- 城下_白形代100%_04,51101004,1,99999,99999,99999,99999,99999,99999,99999,0,[0|0|0|0|0|0|0],100,0,0,0,0,0,0,0,1,0,0,0,0,0,0,0,0,0,0,0,0,0,0,0
1100050,Castle_white _100% _05 -- 城下_白形代100%_05,51101005,1,99999,99999,99999,99999,99999,99999,99999,0,[0|0|0|0|0|0|0],100,0,0,0,0,0,0,0,1,0,0,0,0,0,0,0,0,0,0,0,0,0,0,0
1100060,Castle_white _100% _06 -- 城下_白形代100%_06,51101006,1,99999,99999,99999,99999,99999,99999,99999,0,[0|0|0|0|0|0|0],100,0,0,0,0,0,0,0,1,0,0,0,0,0,0,0,0,0,0,0,0,0,0,0
1100070,Castle_white _100% _07 -- 城下_白形代100%_07,51101007,1,99999,99999,99999,99999,99999,99999,99999,0,[0|0|0|0|0|0|0],100,0,0,0,0,0,0,0,1,0,0,0,0,0,0,0,0,0,0,0,0,0,0,0
1100080,Castle_white _100% _08 -- 城下_白形代100%_08,51101008,1,99999,99999,99999,99999,99999,99999,99999,0,[0|0|0|0|0|0|0],100,0,0,0,0,0,0,0,1,0,0,0,0,0,0,0,0,0,0,0,0,0,0,0
1100090,Castle_white _100% _09 -- 城下_白形代100%_09,51101009,1,99999,99999,99999,99999,99999,99999,99999,0,[0|0|0|0|0|0|0],100,0,0,0,0,0,0,0,1,0,0,0,0,0,0,0,0,0,0,0,0,0,0,0
1100100,Castle_white _100% _10 -- 城下_白形代100%_10,51101010,1,99999,99999,99999,99999,99999,99999,99999,0,[0|0|0|0|0|0|0],100,0,0,0,0,0,0,0,1,0,0,0,0,0,0,0,0,0,0,0,0,0,0,0
1100900,Castle_white _100% _03 -- 城下_白形代100%_03,-1,1,99999,99999,99999,99999,99999,99999,99999,0,[0|0|0|0|0|0|0],100,0,0,0,0,0,0,0,3,0,0,0,0,0,0,0,0,0,0,0,0,0,0,0
1100910,Castle_white _100% _03 -- 城下_白形代100%_03,-1,1,99999,99999,99999,99999,99999,99999,99999,0,[0|0|0|0|0|0|0],100,0,0,0,0,0,0,0,3,0,0,0,0,0,0,0,0,0,0,0,0,0,0,0
1110000,Honjo_Shirokatayo 100%_00 -- 本城_白形代100%_00,51111000,1,99999,99999,99999,99999,99999,99999,99999,0,[0|0|0|0|0|0|0],100,0,0,0,0,0,0,0,1,0,0,0,0,0,0,0,0,0,0,0,0,0,0,0
1110010,Honjo_Shirokatayo 100% _01 -- 本城_白形代100%_01,51111001,1,99999,99999,99999,99999,99999,99999,99999,0,[0|0|0|0|0|0|0],100,0,0,0,0,0,0,0,1,0,0,0,0,0,0,0,0,0,0,0,0,0,0,0
1110020,Honjo_Shirokatayo 100% _02 -- 本城_白形代100%_02,51111002,1,99999,99999,99999,99999,99999,99999,99999,0,[0|0|0|0|0|0|0],100,0,0,0,0,0,0,0,1,0,0,0,0,0,0,0,0,0,0,0,0,0,0,0
1110030,Honjo_Shirokatayo 100% _03 -- 本城_白形代100%_03,51111003,1,99999,99999,99999,99999,99999,99999,99999,0,[0|0|0|0|0|0|0],100,0,0,0,0,0,0,0,1,0,0,0,0,0,0,0,0,0,0,0,0,0,0,0
1110040,Honjo_Shirokatayo 100% _04 -- 本城_白形代100%_04,51111004,1,99999,99999,99999,99999,99999,99999,99999,0,[0|0|0|0|0|0|0],100,0,0,0,0,0,0,0,1,0,0,0,0,0,0,0,0,0,0,0,0,0,0,0
1110050,Honjo_Shirokatayo 100% _05 -- 本城_白形代100%_05,51111005,1,99999,99999,99999,99999,99999,99999,99999,0,[0|0|0|0|0|0|0],100,0,0,0,0,0,0,0,1,0,0,0,0,0,0,0,0,0,0,0,0,0,0,0
1110051,Honjo_Shirokatayo 100% _06 -- 本城_白形代100%_06,51111006,1,99999,99999,99999,99999,99999,99999,99999,0,[0|0|0|0|0|0|0],100,0,0,0,0,0,0,0,1,0,0,0,0,0,0,0,0,0,0,0,0,0,0,0
1110052,Honjo_Shirokatayo 100% _07 -- 本城_白形代100%_07,51111007,1,99999,99999,99999,99999,99999,99999,99999,0,[0|0|0|0|0|0|0],100,0,0,0,0,0,0,0,1,0,0,0,0,0,0,0,0,0,0,0,0,0,0,0
1110053,Honjo_Shirokatayo 100% _08 -- 本城_白形代100%_08,51111008,1,99999,99999,99999,99999,99999,99999,99999,0,[0|0|0|0|0|0|0],100,0,0,0,0,0,0,0,1,0,0,0,0,0,0,0,0,0,0,0,0,0,0,0
1120000,Hidden prison_white charge 100% _00 -- 隠し牢_白形代100%_00,51121000,1,99999,99999,99999,99999,99999,99999,99999,0,[0|0|0|0|0|0|0],100,0,0,0,0,0,0,0,1,0,0,0,0,0,0,0,0,0,0,0,0,0,0,0
1120010,Hidden prison_white charge 100% _01 -- 隠し牢_白形代100%_01,51121001,1,99999,99999,99999,99999,99999,99999,99999,0,[0|0|0|0|0|0|0],100,0,0,0,0,0,0,0,1,0,0,0,0,0,0,0,0,0,0,0,0,0,0,0
1120020,Hidden prison_white charge 100% _02 -- 隠し牢_白形代100%_02,51121002,1,99999,99999,99999,99999,99999,99999,99999,0,[0|0|0|0|0|0|0],100,0,0,0,0,0,0,0,1,0,0,0,0,0,0,0,0,0,0,0,0,0,0,0
1300000,Dungeon_White 100% _00 -- 地下牢_白形代100%_00,51301000,1,99999,99999,99999,99999,99999,99999,99999,0,[0|0|0|0|0|0|0],100,0,0,0,0,0,0,0,1,0,0,0,0,0,0,0,0,0,0,0,0,0,0,0
1300010,Dungeon_White 100% _01 -- 地下牢_白形代100%_01,51301001,1,99999,99999,99999,99999,99999,99999,99999,0,[0|0|0|0|0|0|0],100,0,0,0,0,0,0,0,1,0,0,0,0,0,0,0,0,0,0,0,0,0,0,0
1300020,Dungeon_White 100% _02 -- 地下牢_白形代100%_02,51301002,1,99999,99999,99999,99999,99999,99999,99999,0,[0|0|0|0|0|0|0],100,0,0,0,0,0,0,0,1,0,0,0,0,0,0,0,0,0,0,0,0,0,0,0
1300030,Dungeon_White 100% _03 -- 地下牢_白形代100%_03,51301003,1,99999,99999,99999,99999,99999,99999,99999,0,[0|0|0|0|0|0|0],100,0,0,0,0,0,0,0,1,0,0,0,0,0,0,0,0,0,0,0,0,0,0,0
1300040,Dungeon_White 100% _04 -- 地下牢_白形代100%_04,51301004,1,99999,99999,99999,99999,99999,99999,99999,0,[0|0|0|0|0|0|0],100,0,0,0,0,0,0,0,1,0,0,0,0,0,0,0,0,0,0,0,0,0,0,0
1300050,Dungeon_White 100% _05 -- 地下牢_白形代100%_05,51301005,1,99999,99999,99999,99999,99999,99999,99999,0,[0|0|0|0|0|0|0],100,0,0,0,0,0,0,0,1,0,0,0,0,0,0,0,0,0,0,0,0,0,0,0
1500000,Illness Village_White 100% _00 -- 病み村_白形代100%_00,51501000,1,99999,99999,99999,99999,99999,99999,99999,0,[0|0|0|0|0|0|0],100,0,0,0,0,0,0,0,1,0,0,0,0,0,0,0,0,0,0,0,0,0,0,0
1500010,Illness Village_White 100% _00 -- 病み村_白形代100%_00,51501001,1,99999,99999,99999,99999,99999,99999,99999,0,[0|0|0|0|0|0|0],100,0,0,0,0,0,0,0,1,0,0,0,0,0,0,0,0,0,0,0,0,0,0,0
1500020,Illness Village_White 100% _00 -- 病み村_白形代100%_00,51501002,1,99999,99999,99999,99999,99999,99999,99999,0,[0|0|0|0|0|0|0],100,0,0,0,0,0,0,0,1,0,0,0,0,0,0,0,0,0,0,0,0,0,0,0
1500030,Illness Village_White 100% _00 -- 病み村_白形代100%_00,51501003,1,99999,99999,99999,99999,99999,99999,99999,0,[0|0|0|0|0|0|0],100,0,0,0,0,0,0,0,1,0,0,0,0,0,0,0,0,0,0,0,0,0,0,0
1500040,Illness Village_White 100% _00 -- 病み村_白形代100%_00,51501004,1,99999,99999,99999,99999,99999,99999,99999,0,[0|0|0|0|0|0|0],100,0,0,0,0,0,0,0,1,0,0,0,0,0,0,0,0,0,0,0,0,0,0,0
1500050,Illness Village_White 100% _00 -- 病み村_白形代100%_00,51501005,1,99999,99999,99999,99999,99999,99999,99999,0,[0|0|0|0|0|0|0],100,0,0,0,0,0,0,0,1,0,0,0,0,0,0,0,0,0,0,0,0,0,0,0
1500060,Illness Village_White 100% _00 -- 病み村_白形代100%_00,51501006,1,99999,99999,99999,99999,99999,99999,99999,0,[0|0|0|0|0|0|0],100,0,0,0,0,0,0,0,1,0,0,0,0,0,0,0,0,0,0,0,0,0,0,0
1500070,Illness Village_White 100% _00 -- 病み村_白形代100%_00,51501007,1,99999,99999,99999,99999,99999,99999,99999,0,[0|0|0|0|0|0|0],100,0,0,0,0,0,0,0,1,0,0,0,0,0,0,0,0,0,0,0,0,0,0,0
1500080,Illness Village_White 100% _00 -- 病み村_白形代100%_00,51501008,1,99999,99999,99999,99999,99999,99999,99999,0,[0|0|0|0|0|0|0],100,0,0,0,0,0,0,0,1,0,0,0,0,0,0,0,0,0,0,0,0,0,0,0
1500090,Illness Village_White 100% _00 -- 病み村_白形代100%_00,51501009,1,99999,99999,99999,99999,99999,99999,99999,0,[0|0|0|0|0|0|0],100,0,0,0,0,0,0,0,1,0,0,0,0,0,0,0,0,0,0,0,0,0,0,0
1500100,Illness Village_White 100% _00 -- 病み村_白形代100%_00,51501010,1,99999,99999,99999,99999,99999,99999,99999,0,[0|0|0|0|0|0|0],100,0,0,0,0,0,0,0,1,0,0,0,0,0,0,0,0,0,0,0,0,0,0,0
1500110,Illness Village_White 100% _00 -- 病み村_白形代100%_00,51501011,1,99999,99999,99999,99999,99999,99999,99999,0,[0|0|0|0|0|0|0],100,0,0,0,0,0,0,0,1,0,0,0,0,0,0,0,0,0,0,0,0,0,0,0
1500120,Illness Village_White 100% _00 -- 病み村_白形代100%_00,51501012,1,99999,99999,99999,99999,99999,99999,99999,0,[0|0|0|0|0|0|0],100,0,0,0,0,0,0,0,1,0,0,0,0,0,0,0,0,0,0,0,0,0,0,0
1500130,Illness Village_White 100% _00 -- 病み村_白形代100%_00,51501013,1,99999,99999,99999,99999,99999,99999,99999,0,[0|0|0|0|0|0|0],100,0,0,0,0,0,0,0,1,0,0,0,0,0,0,0,0,0,0,0,0,0,0,0
1700000,Valley_white charge 100% _00 -- 渓谷_白形代100%_00,51701000,1,99999,99999,99999,99999,99999,99999,99999,0,[0|0|0|0|0|0|0],100,0,0,0,0,0,0,0,1,0,0,0,0,0,0,0,0,0,0,0,0,0,0,0
1700010,Valley_white charge 100% _00 -- 渓谷_白形代100%_00,51701001,1,99999,99999,99999,99999,99999,99999,99999,0,[0|0|0|0|0|0|0],100,0,0,0,0,0,0,0,1,0,0,0,0,0,0,0,0,0,0,0,0,0,0,0
1700020,Valley_white charge 100% _00 -- 渓谷_白形代100%_00,51701002,1,99999,99999,99999,99999,99999,99999,99999,0,[0|0|0|0|0|0|0],100,0,0,0,0,0,0,0,1,0,0,0,0,0,0,0,0,0,0,0,0,0,0,0
1700030,Valley_white charge 100% _00 -- 渓谷_白形代100%_00,51701003,1,99999,99999,99999,99999,99999,99999,99999,0,[0|0|0|0|0|0|0],100,0,0,0,0,0,0,0,1,0,0,0,0,0,0,0,0,0,0,0,0,0,0,0
1700040,Valley_white charge 100% _00 -- 渓谷_白形代100%_00,51701004,1,99999,99999,99999,99999,99999,99999,99999,0,[0|0|0|0|0|0|0],100,0,0,0,0,0,0,0,1,0,0,0,0,0,0,0,0,0,0,0,0,0,0,0
1700050,Valley_white charge 100% _00 -- 渓谷_白形代100%_00,51701005,1,99999,99999,99999,99999,99999,99999,99999,0,[0|0|0|0|0|0|0],100,0,0,0,0,0,0,0,1,0,0,0,0,0,0,0,0,0,0,0,0,0,0,0
1700060,Valley_white charge 100% _00 -- 渓谷_白形代100%_00,51701006,1,99999,99999,99999,99999,99999,99999,99999,0,[0|0|0|0|0|0|0],100,0,0,0,0,0,0,0,1,0,0,0,0,0,0,0,0,0,0,0,0,0,0,0
1700070,Valley_white charge 100% _00 -- 渓谷_白形代100%_00,51701007,1,99999,99999,99999,99999,99999,99999,99999,0,[0|0|0|0|0|0|0],100,0,0,0,0,0,0,0,1,0,0,0,0,0,0,0,0,0,0,0,0,0,0,0
1700080,Valley_white charge 100% _00 -- 渓谷_白形代100%_00,51701008,1,99999,99999,99999,99999,99999,99999,99999,0,[0|0|0|0|0|0|0],100,0,0,0,0,0,0,0,1,0,0,0,0,0,0,0,0,0,0,0,0,0,0,0
1700090,Valley_white charge 100% _00 -- 渓谷_白形代100%_00,51701009,1,99999,99999,99999,99999,99999,99999,99999,0,[0|0|0|0|0|0|0],100,0,0,0,0,0,0,0,1,0,0,0,0,0,0,0,0,0,0,0,0,0,0,0
1700100,Valley_white charge 100% _00 -- 渓谷_白形代100%_00,51701010,1,99999,99999,99999,99999,99999,99999,99999,0,[0|0|0|0|0|0|0],100,0,0,0,0,0,0,0,1,0,0,0,0,0,0,0,0,0,0,0,0,0,0,0
1700110,Valley_white charge 100% _00 -- 渓谷_白形代100%_00,51701011,1,99999,99999,99999,99999,99999,99999,99999,0,[0|0|0|0|0|0|0],100,0,0,0,0,0,0,0,1,0,0,0,0,0,0,0,0,0,0,0,0,0,0,0
1700120,Valley_white charge 100% _00 -- 渓谷_白形代100%_00,51701012,1,99999,99999,99999,99999,99999,99999,99999,0,[0|0|0|0|0|0|0],100,0,0,0,0,0,0,0,1,0,0,0,0,0,0,0,0,0,0,0,0,0,0,0
1700130,Valley_white charge 100% _00 -- 渓谷_白形代100%_00,51701013,1,99999,99999,99999,99999,99999,99999,99999,0,[0|0|0|0|0|0|0],100,0,0,0,0,0,0,0,1,0,0,0,0,0,0,0,0,0,0,0,0,0,0,0
1700140,Valley_white charge 100% _00 -- 渓谷_白形代100%_00,51701014,1,99999,99999,99999,99999,99999,99999,99999,0,[0|0|0|0|0|0|0],100,0,0,0,0,0,0,0,1,0,0,0,0,0,0,0,0,0,0,0,0,0,0,0
1700150,Valley_white charge 100% _00 -- 渓谷_白形代100%_00,51701015,1,99999,99999,99999,99999,99999,99999,99999,0,[0|0|0|0|0|0|0],100,0,0,0,0,0,0,0,1,0,0,0,0,0,0,0,0,0,0,0,0,0,0,0
1700160,Valley_white charge 100% _00 -- 渓谷_白形代100%_00,51701016,1,99999,99999,99999,99999,99999,99999,99999,0,[0|0|0|0|0|0|0],100,0,0,0,0,0,0,0,1,0,0,0,0,0,0,0,0,0,0,0,0,0,0,0
1700170,Valley_white charge 100% _00 -- 渓谷_白形代100%_00,51701017,1,99999,99999,99999,99999,99999,99999,99999,0,[0|0|0|0|0|0|0],100,0,0,0,0,0,0,0,1,0,0,0,0,0,0,0,0,0,0,0,0,0,0,0
1700180,Valley_white charge 100% _00 -- 渓谷_白形代100%_00,51701018,1,99999,99999,99999,99999,99999,99999,99999,0,[0|0|0|0|0|0|0],100,0,0,0,0,0,0,0,1,0,0,0,0,0,0,0,0,0,0,0,0,0,0,0
1700190,Valley_white charge 100% _00 -- 渓谷_白形代100%_00,51701019,1,99999,99999,99999,99999,99999,99999,99999,0,[0|0|0|0|0|0|0],100,0,0,0,0,0,0,0,1,0,0,0,0,0,0,0,0,0,0,0,0,0,0,0
1700200,Valley_white charge 100% _00 -- 渓谷_白形代100%_00,51701020,1,99999,99999,99999,99999,99999,99999,99999,0,[0|0|0|0|0|0|0],100,0,0,0,0,0,0,0,1,0,0,0,0,0,0,0,0,0,0,0,0,0,0,0
1700210,Valley_white charge 100% _00 -- 渓谷_白形代100%_00,51701021,1,99999,99999,99999,99999,99999,99999,99999,0,[0|0|0|0|0|0|0],100,0,0,0,0,0,0,0,1,0,0,0,0,0,0,0,0,0,0,0,0,0,0,0
1700220,Valley_white charge 100% _00 -- 渓谷_白形代100%_00,51701022,1,99999,99999,99999,99999,99999,99999,99999,0,[0|0|0|0|0|0|0],100,0,0,0,0,0,0,0,1,0,0,0,0,0,0,0,0,0,0,0,0,0,0,0
1700230,Valley_white charge 100% _00 -- 渓谷_白形代100%_00,51701023,1,99999,99999,99999,99999,99999,99999,99999,0,[0|0|0|0|0|0|0],100,0,0,0,0,0,0,0,1,0,0,0,0,0,0,0,0,0,0,0,0,0,0,0
2000000,Temple_white _100% _00 -- 寺_白形代100%_00,52001000,1,99999,99999,99999,99999,99999,99999,99999,0,[0|0|0|0|0|0|0],100,0,0,0,0,0,0,0,1,0,0,0,0,0,0,0,0,0,0,0,0,0,0,0
2000010,Temple_white _100% _00 -- 寺_白形代100%_00,52001001,1,99999,99999,99999,99999,99999,99999,99999,0,[0|0|0|0|0|0|0],100,0,0,0,0,0,0,0,1,0,0,0,0,0,0,0,0,0,0,0,0,0,0,0
2000020,Temple_white _100% _00 -- 寺_白形代100%_00,52001002,1,99999,99999,99999,99999,99999,99999,99999,0,[0|0|0|0|0|0|0],100,0,0,0,0,0,0,0,1,0,0,0,0,0,0,0,0,0,0,0,0,0,0,0
2000030,Temple_white _100% _00 -- 寺_白形代100%_00,52001003,1,99999,99999,99999,99999,99999,99999,99999,0,[0|0|0|0|0|0|0],100,0,0,0,0,0,0,0,1,0,0,0,0,0,0,0,0,0,0,0,0,0,0,0
2000040,Temple_white _100% _00 -- 寺_白形代100%_00,52001004,1,99999,99999,99999,99999,99999,99999,99999,0,[0|0|0|0|0|0|0],100,0,0,0,0,0,0,0,1,0,0,0,0,0,0,0,0,0,0,0,0,0,0,0
2000050,Temple_white _100% _00 -- 寺_白形代100%_00,52001005,1,99999,99999,99999,99999,99999,99999,99999,0,[0|0|0|0|0|0|0],100,0,0,0,0,0,0,0,1,0,0,0,0,0,0,0,0,0,0,0,0,0,0,0
2000060,Temple_white _100% _00 -- 寺_白形代100%_00,52001006,1,99999,99999,99999,99999,99999,99999,99999,0,[0|0|0|0|0|0|0],100,0,0,0,0,0,0,0,1,0,0,0,0,0,0,0,0,0,0,0,0,0,0,0
2000070,Temple_white _100% _00 -- 寺_白形代100%_00,52001007,1,99999,99999,99999,99999,99999,99999,99999,0,[0|0|0|0|0|0|0],100,0,0,0,0,0,0,0,1,0,0,0,0,0,0,0,0,0,0,0,0,0,0,0
2000080,Temple_white _100% _00 -- 寺_白形代100%_00,52001008,1,99999,99999,99999,99999,99999,99999,99999,0,[0|0|0|0|0|0|0],100,0,0,0,0,0,0,0,1,0,0,0,0,0,0,0,0,0,0,0,0,0,0,0
2000090,Temple_white _100% _00 -- 寺_白形代100%_00,52001009,1,99999,99999,99999,99999,99999,99999,99999,0,[0|0|0|0|0|0|0],100,0,0,0,0,0,0,0,1,0,0,0,0,0,0,0,0,0,0,0,0,0,0,0
2000100,Temple_white _100% _00 -- 寺_白形代100%_00,52001010,1,99999,99999,99999,99999,99999,99999,99999,0,[0|0|0|0|0|0|0],100,0,0,0,0,0,0,0,1,0,0,0,0,0,0,0,0,0,0,0,0,0,0,0
2000110,Temple_white _100% _00 -- 寺_白形代100%_00,52001011,1,99999,99999,99999,99999,99999,99999,99999,0,[0|0|0|0|0|0|0],100,0,0,0,0,0,0,0,1,0,0,0,0,0,0,0,0,0,0,0,0,0,0,0
2000120,Temple_white _100% _00 -- 寺_白形代100%_00,52001012,1,99999,99999,99999,99999,99999,99999,99999,0,[0|0|0|0|0|0|0],100,0,0,0,0,0,0,0,1,0,0,0,0,0,0,0,0,0,0,0,0,0,0,0
2000130,Temple_white _100% _00 -- 寺_白形代100%_00,52001013,1,99999,99999,99999,99999,99999,99999,99999,0,[0|0|0|0|0|0|0],100,0,0,0,0,0,0,0,1,0,0,0,0,0,0,0,0,0,0,0,0,0,0,0
2000140,Temple_white _100% _00 -- 寺_白形代100%_00,52001014,1,99999,99999,99999,99999,99999,99999,99999,0,[0|0|0|0|0|0|0],100,0,0,0,0,0,0,0,1,0,0,0,0,0,0,0,0,0,0,0,0,0,0,0
2000150,Temple_white _100% _00 -- 寺_白形代100%_00,52001015,1,99999,99999,99999,99999,99999,99999,99999,0,[0|0|0|0|0|0|0],100,0,0,0,0,0,0,0,1,0,0,0,0,0,0,0,0,0,0,0,0,0,0,0
2000160,Temple_white _100% _00 -- 寺_白形代100%_00,52001016,1,99999,99999,99999,99999,99999,99999,99999,0,[0|0|0|0|0|0|0],100,0,0,0,0,0,0,0,1,0,0,0,0,0,0,0,0,0,0,0,0,0,0,0
2000170,Temple_white _100% _00 -- 寺_白形代100%_00,52001017,1,99999,99999,99999,99999,99999,99999,99999,0,[0|0|0|0|0|0|0],100,0,0,0,0,0,0,0,1,0,0,0,0,0,0,0,0,0,0,0,0,0,0,0
2000180,Temple_white _100% _00 -- 寺_白形代100%_00,52001018,1,99999,99999,99999,99999,99999,99999,99999,0,[0|0|0|0|0|0|0],100,0,0,0,0,0,0,0,1,0,0,0,0,0,0,0,0,0,0,0,0,0,0,0
2000190,Temple_white _100% _00 -- 寺_白形代100%_00,52001019,1,99999,99999,99999,99999,99999,99999,99999,0,[0|0|0|0|0|0|0],100,0,0,0,0,0,0,0,1,0,0,0,0,0,0,0,0,0,0,0,0,0,0,0
2000200,Temple_white _100% _00 -- 寺_白形代100%_00,52001020,1,99999,99999,99999,99999,99999,99999,99999,0,[0|0|0|0|0|0|0],100,0,0,0,0,0,0,0,1,0,0,0,0,0,0,0,0,0,0,0,0,0,0,0
2000210,Temple_white _100% _00 -- 寺_白形代100%_00,52001021,1,99999,99999,99999,99999,99999,99999,99999,0,[0|0|0|0|0|0|0],100,0,0,0,0,0,0,0,1,0,0,0,0,0,0,0,0,0,0,0,0,0,0,0
2000220,Temple_white _100% _00 -- 寺_白形代100%_00,52001022,1,99999,99999,99999,99999,99999,99999,99999,0,[0|0|0|0|0|0|0],100,0,0,0,0,0,0,0,1,0,0,0,0,0,0,0,0,0,0,0,0,0,0,0
2000230,Temple_white _100% _00 -- 寺_白形代100%_00,52001023,1,99999,99999,99999,99999,99999,99999,99999,0,[0|0|0|0|0|0|0],100,0,0,0,0,0,0,0,1,0,0,0,0,0,0,0,0,0,0,0,0,0,0,0
2000240,Temple_white _100% _00 -- 寺_白形代100%_00,52001024,1,99999,99999,99999,99999,99999,99999,99999,0,[0|0|0|0|0|0|0],100,0,0,0,0,0,0,0,1,0,0,0,0,0,0,0,0,0,0,0,0,0,0,0
2000250,Temple_white _100% _00 -- 寺_白形代100%_00,52001025,1,99999,99999,99999,99999,99999,99999,99999,0,[0|0|0|0|0|0|0],100,0,0,0,0,0,0,0,1,0,0,0,0,0,0,0,0,0,0,0,0,0,0,0
2000260,Temple_white _100% _00 -- 寺_白形代100%_00,52001026,1,99999,99999,99999,99999,99999,99999,99999,0,[0|0|0|0|0|0|0],100,0,0,0,0,0,0,0,1,0,0,0,0,0,0,0,0,0,0,0,0,0,0,0
2000270,Temple_white _100% _00 -- 寺_白形代100%_00,52001027,1,99999,99999,99999,99999,99999,99999,99999,0,[0|0|0|0|0|0|0],100,0,0,0,0,0,0,0,1,0,0,0,0,0,0,0,0,0,0,0,0,0,0,0
2000280,Temple_white _100% _00 -- 寺_白形代100%_00,52001028,1,99999,99999,99999,99999,99999,99999,99999,0,[0|0|0|0|0|0|0],100,0,0,0,0,0,0,0,1,0,0,0,0,0,0,0,0,0,0,0,0,0,0,0
2000290,Temple_white _100% _00 -- 寺_白形代100%_00,52001029,1,99999,99999,99999,99999,99999,99999,99999,0,[0|0|0|0|0|0|0],100,0,0,0,0,0,0,0,1,0,0,0,0,0,0,0,0,0,0,0,0,0,0,0
2000300,Temple_white _100% _00 -- 寺_白形代100%_00,52001029,1,99999,99999,99999,99999,99999,99999,99999,0,[0|0|0|0|0|0|0],100,0,0,0,0,0,0,0,1,0,0,0,0,0,0,0,0,0,0,0,0,0,0,0
2000310,Temple_white _100% _00 -- 寺_白形代100%_00,52001029,1,99999,99999,99999,99999,99999,99999,99999,0,[0|0|0|0|0|0|0],100,0,0,0,0,0,0,0,1,0,0,0,0,0,0,0,0,0,0,0,0,0,0,0
2500000,Submerged city_white charge 100% _00 -- 水没都_白形代100%_00,52501000,1,99999,99999,99999,99999,99999,99999,99999,0,[0|0|0|0|0|0|0],100,0,0,0,0,0,0,0,1,0,0,0,0,0,0,0,0,0,0,0,0,0,0,0
2500010,Submerged city_white charge 100% _00 -- 水没都_白形代100%_00,52501001,1,99999,99999,99999,99999,99999,99999,99999,0,[0|0|0|0|0|0|0],100,0,0,0,0,0,0,0,1,0,0,0,0,0,0,0,0,0,0,0,0,0,0,0
2500020,Submerged city_white charge 100% _00 -- 水没都_白形代100%_00,52501002,1,99999,99999,99999,99999,99999,99999,99999,0,[0|0|0|0|0|0|0],100,0,0,0,0,0,0,0,1,0,0,0,0,0,0,0,0,0,0,0,0,0,0,0
2500030,Submerged city_white charge 100% _00 -- 水没都_白形代100%_00,52501003,1,99999,99999,99999,99999,99999,99999,99999,0,[0|0|0|0|0|0|0],100,0,0,0,0,0,0,0,1,0,0,0,0,0,0,0,0,0,0,0,0,0,0,0
2500040,Submerged city_white charge 100% _00 -- 水没都_白形代100%_00,52501004,1,99999,99999,99999,99999,99999,99999,99999,0,[0|0|0|0|0|0|0],100,0,0,0,0,0,0,0,1,0,0,0,0,0,0,0,0,0,0,0,0,0,0,0
2500050,Submerged city_white charge 100% _00 -- 水没都_白形代100%_00,52501005,1,99999,99999,99999,99999,99999,99999,99999,0,[0|0|0|0|0|0|0],100,0,0,0,0,0,0,0,1,0,0,0,0,0,0,0,0,0,0,0,0,0,0,0
2500060,Submerged city_white charge 100% _00 -- 水没都_白形代100%_00,52501006,1,99999,99999,99999,99999,99999,99999,99999,0,[0|0|0|0|0|0|0],100,0,0,0,0,0,0,0,1,0,0,0,0,0,0,0,0,0,0,0,0,0,0,0
2500070,Submerged city_white charge 100% _00 -- 水没都_白形代100%_00,52501007,1,99999,99999,99999,99999,99999,99999,99999,0,[0|0|0|0|0|0|0],100,0,0,0,0,0,0,0,1,0,0,0,0,0,0,0,0,0,0,0,0,0,0,0
2500080,Submerged city_white charge 100% _00 -- 水没都_白形代100%_00,52501008,1,99999,99999,99999,99999,99999,99999,99999,0,[0|0|0|0|0|0|0],100,0,0,0,0,0,0,0,1,0,0,0,0,0,0,0,0,0,0,0,0,0,0,0
2500090,Submerged city_white charge 100% _00 -- 水没都_白形代100%_00,52501009,1,99999,99999,99999,99999,99999,99999,99999,0,[0|0|0|0|0|0|0],100,0,0,0,0,0,0,0,1,0,0,0,0,0,0,0,0,0,0,0,0,0,0,0
2500100,Submerged city_white charge 100% _00 -- 水没都_白形代100%_00,52501010,1,99999,99999,99999,99999,99999,99999,99999,0,[0|0|0|0|0|0|0],100,0,0,0,0,0,0,0,1,0,0,0,0,0,0,0,0,0,0,0,0,0,0,0
2500110,Submerged city_white charge 100% _00 -- 水没都_白形代100%_00,52501011,1,99999,99999,99999,99999,99999,99999,99999,0,[0|0|0|0|0|0|0],100,0,0,0,0,0,0,0,1,0,0,0,0,0,0,0,0,0,0,0,0,0,0,0
2500120,Submerged city_white charge 100% _00 -- 水没都_白形代100%_00,52501012,1,99999,99999,99999,99999,99999,99999,99999,0,[0|0|0|0|0|0|0],100,0,0,0,0,0,0,0,1,0,0,0,0,0,0,0,0,0,0,0,0,0,0,0
2500130,Submerged city_white charge 100% _00 -- 水没都_白形代100%_00,52501013,1,99999,99999,99999,99999,99999,99999,99999,0,[0|0|0|0|0|0|0],100,0,0,0,0,0,0,0,1,0,0,0,0,0,0,0,0,0,0,0,0,0,0,0
2500140,Submerged city_white charge 100% _00 -- 水没都_白形代100%_00,52501014,1,99999,99999,99999,99999,99999,99999,99999,0,[0|0|0|0|0|0|0],100,0,0,0,0,0,0,0,1,0,0,0,0,0,0,0,0,0,0,0,0,0,0,0
9620000,1st Playable_White charge 100% _00 -- 1stPlayable_白形代100%_00,59621000,1,99999,99999,99999,99999,99999,99999,99999,0,[0|0|0|0|0|0|0],100,0,0,0,0,0,0,0,1,0,0,0,0,0,0,0,0,0,0,0,0,0,0,0
9620010,1st Playable_White charge 100% _01 -- 1stPlayable_白形代100%_01,59621001,1,99999,99999,99999,99999,99999,99999,99999,0,[0|0|0|0|0|0|0],100,0,0,0,0,0,0,0,1,0,0,0,0,0,0,0,0,0,0,0,0,0,0,0
9620020,1st Playable_White charge 100% _02 -- 1stPlayable_白形代100%_02,59621002,1,99999,99999,99999,99999,99999,99999,99999,0,[0|0|0|0|0|0|0],100,0,0,0,0,0,0,0,1,0,0,0,0,0,0,0,0,0,0,0,0,0,0,0
9620030,1st Playable_White charge 100% _03 -- 1stPlayable_白形代100%_03,59621003,1,99999,99999,99999,99999,99999,99999,99999,0,[0|0|0|0|0|0|0],100,0,0,0,0,0,0,0,1,0,0,0,0,0,0,0,0,0,0,0,0,0,0,0
9620040,1st Playable_White charge 100% _04 -- 1stPlayable_白形代100%_04,59621004,1,99999,99999,99999,99999,99999,99999,99999,0,[0|0|0|0|0|0|0],100,0,0,0,0,0,0,0,1,0,0,0,0,0,0,0,0,0,0,0,0,0,0,0
9620050,1st Playable_White charge 100% _05 -- 1stPlayable_白形代100%_05,59621005,1,99999,99999,99999,99999,99999,99999,99999,0,[0|0|0|0|0|0|0],100,0,0,0,0,0,0,0,1,0,0,0,0,0,0,0,0,0,0,0,0,0,0,0
9620060,1st Playable_White charge 100% _06 -- 1stPlayable_白形代100%_06,59621006,1,99999,99999,99999,99999,99999,99999,99999,0,[0|0|0|0|0|0|0],100,0,0,0,0,0,0,0,1,0,0,0,0,0,0,0,0,0,0,0,0,0,0,0
9620070,1st Playable_White charge 100% _07 -- 1stPlayable_白形代100%_07,59621007,1,99999,99999,99999,99999,99999,99999,99999,0,[0|0|0|0|0|0|0],100,0,0,0,0,0,0,0,1,0,0,0,0,0,0,0,0,0,0,0,0,0,0,0
9620080,1st Playable_White charge 100% _08 -- 1stPlayable_白形代100%_08,59621008,1,99999,99999,99999,99999,99999,99999,99999,0,[0|0|0|0|0|0|0],100,0,0,0,0,0,0,0,1,0,0,0,0,0,0,0,0,0,0,0,0,0,0,0
9620090,1st Playable_White charge 100% _09 -- 1stPlayable_白形代100%_09,59621009,1,99999,99999,99999,99999,99999,99999,99999,0,[0|0|0|0|0|0|0],100,0,0,0,0,0,0,0,1,0,0,0,0,0,0,0,0,0,0,0,0,0,0,0
9620100,1st Playable_White charge 100% _10 -- 1stPlayable_白形代100%_10,59621010,1,99999,99999,99999,99999,99999,99999,99999,0,[0|0|0|0|0|0|0],100,0,0,0,0,0,0,0,1,0,0,0,0,0,0,0,0,0,0,0,0,0,0,0
9620110,1st Playable_White charge 100% _11 -- 1stPlayable_白形代100%_11,59621011,1,99999,99999,99999,99999,99999,99999,99999,0,[0|0|0|0|0|0|0],100,0,0,0,0,0,0,0,1,0,0,0,0,0,0,0,0,0,0,0,0,0,0,0
9620120,1st Playable_White charge 100% _12 -- 1stPlayable_白形代100%_12,59621012,1,99999,99999,99999,99999,99999,99999,99999,0,[0|0|0|0|0|0|0],100,0,0,0,0,0,0,0,1,0,0,0,0,0,0,0,0,0,0,0,0,0,0,0
9620130,1st Playable_White charge 100% _13 -- 1stPlayable_白形代100%_13,59621013,1,99999,99999,99999,99999,99999,99999,99999,0,[0|0|0|0|0|0|0],100,0,0,0,0,0,0,0,1,0,0,0,0,0,0,0,0,0,0,0,0,0,0,0
9620140,1st Playable_White charge 100% _14 -- 1stPlayable_白形代100%_14,59621014,1,99999,99999,99999,99999,99999,99999,99999,0,[0|0|0|0|0|0|0],100,0,0,0,0,0,0,0,1,0,0,0,0,0,0,0,0,0,0,0,0,0,0,0
9620150,1st Playable_White charge 100% _15 -- 1stPlayable_白形代100%_15,59621015,1,99999,99999,99999,99999,99999,99999,99999,0,[0|0|0|0|0|0|0],100,0,0,0,0,0,0,0,1,0,0,0,0,0,0,0,0,0,0,0,0,0,0,0
9620160,1st Playable_White charge 100% _16 -- 1stPlayable_白形代100%_16,59621016,1,99999,99999,99999,99999,99999,99999,99999,0,[0|0|0|0|0|0|0],100,0,0,0,0,0,0,0,1,0,0,0,0,0,0,0,0,0,0,0,0,0,0,0
9620170,1st Playable_White charge 100% _17 -- 1stPlayable_白形代100%_17,59621017,1,99999,99999,99999,99999,99999,99999,99999,0,[0|0|0|0|0|0|0],100,0,0,0,0,0,0,0,1,0,0,0,0,0,0,0,0,0,0,0,0,0,0,0
9620180,1st Playable_White charge 100% _18 -- 1stPlayable_白形代100%_18,59621018,1,99999,99999,99999,99999,99999,99999,99999,0,[0|0|0|0|0|0|0],100,0,0,0,0,0,0,0,1,0,0,0,0,0,0,0,0,0,0,0,0,0,0,0
9620190,1st Playable_White charge 100% _19 -- 1stPlayable_白形代100%_19,59621019,1,99999,99999,99999,99999,99999,99999,99999,0,[0|0|0|0|0|0|0],100,0,0,0,0,0,0,0,1,0,0,0,0,0,0,0,0,0,0,0,0,0,0,0
9620200,1st Playable_White charge 100% _20 -- 1stPlayable_白形代100%_20,59621020,1,99999,99999,99999,99999,99999,99999,99999,0,[0|0|0|0|0|0|0],100,0,0,0,0,0,0,0,1,0,0,0,0,0,0,0,0,0,0,0,0,0,0,0
9620210,1st Playable_White charge 100% _21 -- 1stPlayable_白形代100%_21,59621021,1,99999,99999,99999,99999,99999,99999,99999,0,[0|0|0|0|0|0|0],100,0,0,0,0,0,0,0,1,0,0,0,0,0,0,0,0,0,0,0,0,0,0,0
9620220,1st Playable_White charge 100% _22 -- 1stPlayable_白形代100%_22,59621022,1,99999,99999,99999,99999,99999,99999,99999,0,[0|0|0|0|0|0|0],100,0,0,0,0,0,0,0,1,0,0,0,0,0,0,0,0,0,0,0,0,0,0,0
9620230,1st Playable_White charge 100% _23 -- 1stPlayable_白形代100%_23,59621023,1,99999,99999,99999,99999,99999,99999,99999,0,[0|0|0|0|0|0|0],100,0,0,0,0,0,0,0,1,0,0,0,0,0,0,0,0,0,0,0,0,0,0,0
9620240,1st Playable_White charge 100% _24 -- 1stPlayable_白形代100%_24,59621024,1,99999,99999,99999,99999,99999,99999,99999,0,[0|0|0|0|0|0|0],100,0,0,0,0,0,0,0,1,0,0,0,0,0,0,0,0,0,0,0,0,0,0,0
9620250,1st Playable_White charge 100% _25 -- 1stPlayable_白形代100%_25,59621025,1,99999,99999,99999,99999,99999,99999,99999,0,[0|0|0|0|0|0|0],100,0,0,0,0,0,0,0,1,0,0,0,0,0,0,0,0,0,0,0,0,0,0,0
9620260,1st Playable_White charge 100% _26 -- 1stPlayable_白形代100%_26,59621026,1,99999,99999,99999,99999,99999,99999,99999,0,[0|0|0|0|0|0|0],100,0,0,0,0,0,0,0,1,0,0,0,0,0,0,0,0,0,0,0,0,0,0,0
9620270,1st Playable_White charge 100% _27 -- 1stPlayable_白形代100%_27,59621027,1,99999,99999,99999,99999,99999,99999,99999,0,[0|0|0|0|0|0|0],100,0,0,0,0,0,0,0,1,0,0,0,0,0,0,0,0,0,0,0,0,0,0,0
9620280,1st Playable_White charge 100% _28 -- 1stPlayable_白形代100%_28,59621028,1,99999,99999,99999,99999,99999,99999,99999,0,[0|0|0|0|0|0|0],100,0,0,0,0,0,0,0,1,0,0,0,0,0,0,0,0,0,0,0,0,0,0,0
9620900,1st Playable_White charge 100% _Infinite -- 1stPlayable_白形代100%_無限,-1,1,99999,99999,99999,99999,99999,99999,99999,0,[0|0|0|0|0|0|0],100,0,0,0,0,0,0,0,1,0,0,0,0,0,0,0,0,0,0,0,0,0,0,0
9623000,1st Playable_Red color 100% _00 -- 1stPlayable_赤形代100%_00,59621300,1,99999,99999,99999,99999,99999,99999,99999,0,[0|0|0|0|0|0|0],100,0,0,0,0,0,0,0,1,0,0,0,0,0,0,0,0,0,0,0,0,0,0,0
9623010,1st Playable_ Red form 100% _01 -- 1stPlayable_赤形代100%_01,59621301,1,99999,99999,99999,99999,99999,99999,99999,0,[0|0|0|0|0|0|0],100,0,0,0,0,0,0,0,1,0,0,0,0,0,0,0,0,0,0,0,0,0,0,0
9623020,1st Playable_ Red form 100% _02 -- 1stPlayable_赤形代100%_02,59621302,1,99999,99999,99999,99999,99999,99999,99999,0,[0|0|0|0|0|0|0],100,0,0,0,0,0,0,0,1,0,0,0,0,0,0,0,0,0,0,0,0,0,0,0
9623030,1st Playable_ Red form 100% _03 -- 1stPlayable_赤形代100%_03,59621303,1,99999,99999,99999,99999,99999,99999,99999,0,[0|0|0|0|0|0|0],100,0,0,0,0,0,0,0,1,0,0,0,0,0,0,0,0,0,0,0,0,0,0,0
9623040,1st Playable_ Red form 100% _04 -- 1stPlayable_赤形代100%_04,59621304,1,99999,99999,99999,99999,99999,99999,99999,0,[0|0|0|0|0|0|0],100,0,0,0,0,0,0,0,1,0,0,0,0,0,0,0,0,0,0,0,0,0,0,0
9623050,1st Playable_ Red form 100% _05 -- 1stPlayable_赤形代100%_05,59621305,1,99999,99999,99999,99999,99999,99999,99999,0,[0|0|0|0|0|0|0],100,0,0,0,0,0,0,0,1,0,0,0,0,0,0,0,0,0,0,0,0,0,0,0
9623900,1st Playable_Red shape 100% _Infinite -- 1stPlayable_赤形代100%_無限,-1,1,99999,99999,99999,99999,99999,99999,99999,0,[0|0|0|0|0|0|0],100,0,0,0,0,0,0,0,1,0,0,0,0,0,0,0,0,0,0,0,0,0,0,0
9626000,1st Playable_Blue fee 100% _00 -- 1stPlayable_青形代100%_00,59621600,1,99999,99999,99999,99999,99999,99999,99999,0,[0|0|0|0|0|0|0],100,0,0,0,0,0,0,0,1,0,0,0,0,0,0,0,0,0,0,0,0,0,0,0
9626010,1st Playable_Blue size 100% _01 -- 1stPlayable_青形代100%_01,59621601,1,99999,99999,99999,99999,99999,99999,99999,0,[0|0|0|0|0|0|0],100,0,0,0,0,0,0,0,1,0,0,0,0,0,0,0,0,0,0,0,0,0,0,0
9626020,1st Playable_Blue size 100% _02 -- 1stPlayable_青形代100%_02,59621602,1,99999,99999,99999,99999,99999,99999,99999,0,[0|0|0|0|0|0|0],100,0,0,0,0,0,0,0,1,0,0,0,0,0,0,0,0,0,0,0,0,0,0,0
9626030,1st Playable_Blue size 100% _03 -- 1stPlayable_青形代100%_03,59621603,1,99999,99999,99999,99999,99999,99999,99999,0,[0|0|0|0|0|0|0],100,0,0,0,0,0,0,0,1,0,0,0,0,0,0,0,0,0,0,0,0,0,0,0
9626040,1st Playable_Blue size 100% _04 -- 1stPlayable_青形代100%_04,59621604,1,99999,99999,99999,99999,99999,99999,99999,0,[0|0|0|0|0|0|0],100,0,0,0,0,0,0,0,1,0,0,0,0,0,0,0,0,0,0,0,0,0,0,0
9626050,1st Playable_Blue size 100% _05 -- 1stPlayable_青形代100%_05,59621605,1,99999,99999,99999,99999,99999,99999,99999,0,[0|0|0|0|0|0|0],100,0,0,0,0,0,0,0,1,0,0,0,0,0,0,0,0,0,0,0,0,0,0,0
9626060,1st Playable_Blue size 100% _06 -- 1stPlayable_青形代100%_06,59621606,1,99999,99999,99999,99999,99999,99999,99999,0,[0|0|0|0|0|0|0],100,0,0,0,0,0,0,0,1,0,0,0,0,0,0,0,0,0,0,0,0,0,0,0
9626070,1st Playable_Blue size 100% _07 -- 1stPlayable_青形代100%_07,59621607,1,99999,99999,99999,99999,99999,99999,99999,0,[0|0|0|0|0|0|0],100,0,0,0,0,0,0,0,1,0,0,0,0,0,0,0,0,0,0,0,0,0,0,0
9626080,1st Playable_Blue size 100% _08 -- 1stPlayable_青形代100%_08,59621608,1,99999,99999,99999,99999,99999,99999,99999,0,[0|0|0|0|0|0|0],100,0,0,0,0,0,0,0,1,0,0,0,0,0,0,0,0,0,0,0,0,0,0,0
9626090,1st Playable_Blue size 100% _09 -- 1stPlayable_青形代100%_09,59621609,1,99999,99999,99999,99999,99999,99999,99999,0,[0|0|0|0|0|0|0],100,0,0,0,0,0,0,0,1,0,0,0,0,0,0,0,0,0,0,0,0,0,0,0
9626100,1st Playable_Blue size 100% _10 -- 1stPlayable_青形代100%_10,59621610,1,99999,99999,99999,99999,99999,99999,99999,0,[0|0|0|0|0|0|0],100,0,0,0,0,0,0,0,1,0,0,0,0,0,0,0,0,0,0,0,0,0,0,0
9626110,1st Playable_Blue size 100% _11 -- 1stPlayable_青形代100%_11,59621611,1,99999,99999,99999,99999,99999,99999,99999,0,[0|0|0|0|0|0|0],100,0,0,0,0,0,0,0,1,0,0,0,0,0,0,0,0,0,0,0,0,0,0,0
9626120,1st Playable_Blue size 100% _12 -- 1stPlayable_青形代100%_12,59621612,1,99999,99999,99999,99999,99999,99999,99999,0,[0|0|0|0|0|0|0],100,0,0,0,0,0,0,0,1,0,0,0,0,0,0,0,0,0,0,0,0,0,0,0
9626130,1st Playable_Blue size 100% _13 -- 1stPlayable_青形代100%_13,59621613,1,99999,99999,99999,99999,99999,99999,99999,0,[0|0|0|0|0|0|0],100,0,0,0,0,0,0,0,1,0,0,0,0,0,0,0,0,0,0,0,0,0,0,0
9626140,1st Playable_Blue size 100% _14 -- 1stPlayable_青形代100%_14,59621614,1,99999,99999,99999,99999,99999,99999,99999,0,[0|0|0|0|0|0|0],100,0,0,0,0,0,0,0,1,0,0,0,0,0,0,0,0,0,0,0,0,0,0,0
9626150,1st Playable_Blue size 100% _15 -- 1stPlayable_青形代100%_15,59621615,1,99999,99999,99999,99999,99999,99999,99999,0,[0|0|0|0|0|0|0],100,0,0,0,0,0,0,0,1,0,0,0,0,0,0,0,0,0,0,0,0,0,0,0
9626160,1st Playable_Blue size 100% _16 -- 1stPlayable_青形代100%_16,59621616,1,99999,99999,99999,99999,99999,99999,99999,0,[0|0|0|0|0|0|0],100,0,0,0,0,0,0,0,1,0,0,0,0,0,0,0,0,0,0,0,0,0,0,0
9626900,1st Playable_Blue size 100% _Infinite -- 1stPlayable_青形代100%_無限,-1,1,99999,99999,99999,99999,99999,99999,99999,0,[0|0|0|0|0|0|0],100,0,0,0,0,0,0,0,1,0,0,0,0,0,0,0,0,0,0,0,0,0,0,0
10000000,Swashbuckler fish -- 剣戟雑魚,-1,0,1,99999,99999,99999,99999,99999,99999,0,[0|0|0|0|0|0|0],50,50,0,0,0,0,0,0,0,1,0,0,0,0,0,0,0,1,0,0,0,0,0,0
10000010,Swashbuckler [Strong] -- 剣戟雑魚【強】,-1,0,1,1,99999,99999,99999,99999,99999,0,[0|0|0|0|0|0|0],30,50,20,0,0,0,0,0,0,1,2,0,0,0,0,0,0,1,1,0,0,0,0,0
10000020,Swashbuckler [weak] -- 剣戟雑魚【弱】,-1,0,1,99999,99999,99999,99999,99999,99999,0,[0|0|0|0|0|0|0],70,30,0,0,0,0,0,0,0,1,0,0,0,0,0,0,0,1,0,0,0,0,0,0
10000090,Swashbuckler _GC -- 剣戟雑魚_GC,-1,0,1,99999,99999,99999,99999,99999,99999,0,[0|0|0|0|0|0|0],25,75,0,0,0,0,0,0,0,3,0,0,0,0,0,0,0,1,0,0,0,0,0,0
10000100,Swashbuckler -- 剣戟強敵,-1,0,1,1,99999,99999,99999,99999,99999,0,[0|0|0|0|0|0|0],0,80,20,0,0,0,0,0,0,2,5,0,0,0,0,0,0,1,1,0,0,0,0,0
10000190,Swashbuckler _GC -- 剣戟強敵_GC,-1,0,1,99999,99999,99999,99999,99999,99999,0,[0|0|0|0|0|0|0],0,100,0,0,0,0,0,0,0,9,0,0,0,0,0,0,0,1,0,0,0,0,0,0
10000200,Long-distance small fish -- 遠距離雑魚,-1,0,1,99999,99999,99999,99999,99999,99999,0,[0|0|0|0|0|0|0],60,40,0,0,0,0,0,0,0,1,0,0,0,0,0,0,0,1,0,0,0,0,0,0
10000290,Long-distance small fish_GC -- 遠距離雑魚_GC,-1,0,1,99999,99999,99999,99999,99999,99999,0,[0|0|0|0|0|0|0],60,40,0,0,0,0,0,0,0,3,0,0,0,0,0,0,0,1,0,0,0,0,0,0
10000300,Long-range strong enemy -- 遠距離強敵,-1,0,1,1,99999,99999,99999,99999,99999,0,[0|0|0|0|0|0|0],0,80,20,0,0,0,0,0,0,2,5,0,0,0,0,0,0,1,1,0,0,0,0,0
10000400,animal -- 動物,-1,0,1,99999,99999,99999,99999,99999,99999,0,[0|0|0|0|0|0|0],90,10,0,0,0,0,0,0,0,1,0,0,0,0,0,0,0,1,0,0,0,0,0,0
10000410,Animal [strong] -- 動物【強】,-1,0,1,1,99999,99999,99999,99999,99999,0,[0|0|0|0|0|0|0],80,10,10,0,0,0,0,0,0,1,2,0,0,0,0,0,0,1,1,0,0,0,0,0
10000500,Alert enemy -- アラート敵,-1,0,1,99999,99999,99999,99999,99999,99999,0,[0|0|0|0|0|0|0],80,20,0,0,0,0,0,0,0,1,0,0,0,0,0,0,0,1,0,0,0,0,0,0
10000590,Alert enemy_GC -- アラート敵_GC,-1,0,1,99999,99999,99999,99999,99999,99999,0,[0|0|0|0|0|0|0],40,70,0,0,0,0,0,0,0,2,0,0,0,0,0,0,0,1,0,0,0,0,0,0
10000600,Gimmick enemy -- ギミック敵,-1,0,1,1,99999,99999,99999,99999,99999,0,[0|0|0|0|0|0|0],0,70,30,0,0,0,0,0,0,1,3,0,0,0,0,0,0,1,1,0,0,0,0,0
10000800,Bonus for slaughter of enemies with 1 or more slaughter -- 1忍殺以上の敵の忍殺時ボーナス,-1,0,99999,99999,99999,99999,99999,99999,99999,0,[0|0|0|0|0|0|0],100,0,0,0,0,0,0,0,0,0,0,0,0,0,0,0,0,0,0,0,0,0,0,0
10000900,Medium boss -- 中ボス,-1,0,1,99999,99999,99999,99999,99999,99999,0,[0|0|0|0|0|0|0],0,100,0,0,0,0,0,0,0,15,0,0,0,0,0,0,0,1,0,0,0,0,0,0
10005000,Swashbuckler fish -- 剣戟雑魚,-1,5,0,99999,99999,99999,99999,99999,99999,0,[0|0|0|0|0|0|0],30,70,0,0,0,0,0,0,5,0,0,0,0,0,0,0,0,0,0,0,0,0,0,0
10005001,Swashbuckler fish -- 剣戟雑魚,-1,5,99999,99999,99999,99999,99999,99999,99999,1,[0|0|0|0|0|0|0],100,0,0,0,0,0,0,0,2,0,0,0,0,0,0,0,0,0,0,0,0,0,0,0
10005010,Swashbuckler [Strong] -- 剣戟雑魚【強】,-1,5,0,99999,99999,99999,99999,99999,99999,0,[0|0|0|0|0|0|0],30,70,0,0,0,0,0,0,7,0,0,0,0,0,0,0,0,0,0,0,0,0,0,0
10005011,Swashbuckler [Strong] -- 剣戟雑魚【強】,-1,5,99999,99999,99999,99999,99999,99999,99999,1,[0|0|0|0|0|0|0],100,0,0,0,0,0,0,0,3,0,0,0,0,0,0,0,0,0,0,0,0,0,0,0
10005020,Swashbuckler [weak] -- 剣戟雑魚【弱】,-1,5,0,99999,99999,99999,99999,99999,99999,0,[0|0|0|0|0|0|0],30,70,0,0,0,0,0,0,3,0,0,0,0,0,0,0,0,0,0,0,0,0,0,0
10005021,Swashbuckler [weak] -- 剣戟雑魚【弱】,-1,5,99999,99999,99999,99999,99999,99999,99999,1,[0|0|0|0|0|0|0],100,0,0,0,0,0,0,0,2,0,0,0,0,0,0,0,0,0,0,0,0,0,0,0
10005100,Swashbuckler -- 剣戟強敵,-1,5,99999,99999,99999,99999,99999,99999,99999,0,[0|0|0|0|0|0|0],100,0,0,0,0,0,0,0,12,0,0,0,0,0,0,0,0,0,0,0,0,0,0,0
10005101,Swashbuckler -- 剣戟強敵,-1,5,99999,99999,99999,99999,99999,99999,99999,1,[0|0|0|0|0|0|0],100,0,0,0,0,0,0,0,6,0,0,0,0,0,0,0,0,0,0,0,0,0,0,0
10005200,Long-distance small fish -- 遠距離雑魚,-1,5,0,99999,99999,99999,99999,99999,99999,0,[0|0|0|0|0|0|0],30,70,0,0,0,0,0,0,5,0,0,0,0,0,0,0,0,0,0,0,0,0,0,0
10005201,Long-distance small fish -- 遠距離雑魚,-1,5,99999,99999,99999,99999,99999,99999,99999,1,[0|0|0|0|0|0|0],30,0,0,0,0,0,0,0,2,0,0,0,0,0,0,0,0,0,0,0,0,0,0,0
10005300,Long-range strong enemy -- 遠距離強敵,-1,5,99999,99999,99999,99999,99999,99999,99999,0,[0|0|0|0|0|0|0],100,0,0,0,0,0,0,0,12,0,0,0,0,0,0,0,0,0,0,0,0,0,0,0
10005301,Long-range strong enemy -- 遠距離強敵,-1,5,99999,99999,99999,99999,99999,99999,99999,1,[0|0|0|0|0|0|0],100,0,0,0,0,0,0,0,6,0,0,0,0,0,0,0,0,0,0,0,0,0,0,0
10005400,animal -- 動物,-1,5,0,99999,99999,99999,99999,99999,99999,0,[0|0|0|0|0|0|0],30,70,0,0,0,0,0,0,2,0,0,0,0,0,0,0,0,0,0,0,0,0,0,0
10005401,animal -- 動物,-1,5,99999,99999,99999,99999,99999,99999,99999,1,[0|0|0|0|0|0|0],100,0,0,0,0,0,0,0,1,0,0,0,0,0,0,0,0,0,0,0,0,0,0,0
10005410,Animal [strong] -- 動物【強】,-1,5,0,99999,99999,99999,99999,99999,99999,0,[0|0|0|0|0|0|0],30,70,0,0,0,0,0,0,3,0,0,0,0,0,0,0,0,0,0,0,0,0,0,0
10005411,Animal [strong] -- 動物【強】,-1,5,99999,99999,99999,99999,99999,99999,99999,1,[0|0|0|0|0|0|0],100,0,0,0,0,0,0,0,2,0,0,0,0,0,0,0,0,0,0,0,0,0,0,0
10005500,Alert enemy -- アラート敵,-1,5,0,99999,99999,99999,99999,99999,99999,0,[0|0|0|0|0|0|0],30,70,0,0,0,0,0,0,3,0,0,0,0,0,0,0,0,0,0,0,0,0,0,0
10005501,Alert enemy -- アラート敵,-1,5,99999,99999,99999,99999,99999,99999,99999,1,[0|0|0|0|0|0|0],100,0,0,0,0,0,0,0,2,0,0,0,0,0,0,0,0,0,0,0,0,0,0,0
10005600,Gimmick enemy -- ギミック敵,-1,5,0,99999,99999,99999,99999,99999,99999,0,[0|0|0|0|0|0|0],30,70,0,0,0,0,0,0,7,0,0,0,0,0,0,0,0,0,0,0,0,0,0,0
10005601,Gimmick enemy -- ギミック敵,-1,5,99999,99999,99999,99999,99999,99999,99999,1,[0|0|0|0|0|0|0],100,0,0,0,0,0,0,0,3,0,0,0,0,0,0,0,0,0,0,0,0,0,0,0
10005800,Bonus for slaughter of enemies with 1 or more slaughter -- 1忍殺以上の敵の忍殺時ボーナス,-1,5,99999,99999,99999,99999,99999,99999,99999,0,[0|0|0|0|0|0|0],100,0,0,0,0,0,0,0,10,0,0,0,0,0,0,0,0,0,0,0,0,0,0,0
10005801,Bonus for slaughter of enemies with 1 or more slaughter -- 1忍殺以上の敵の忍殺時ボーナス,-1,5,99999,99999,99999,99999,99999,99999,99999,1,[0|0|0|0|0|0|0],100,0,0,0,0,0,0,0,5,0,0,0,0,0,0,0,0,0,0,0,0,0,0,0
10005900,Medium boss -- 中ボス,-1,5,99999,99999,99999,99999,99999,99999,99999,0,[0|0|0|0|0|0|0],100,0,0,0,0,0,0,0,67,0,0,0,0,0,0,0,0,0,0,0,0,0,0,0
10005901,Medium boss -- 中ボス,-1,5,99999,99999,99999,99999,99999,99999,99999,1,[0|0|0|0|0|0|0],100,0,0,0,0,0,0,0,33,0,0,0,0,0,0,0,0,0,0,0,0,0,0,0
10200000,c1020_ General Samurai -- c1020_侍大将,-1,1,99999,99999,99999,99999,99999,99999,99999,0,[0|0|0|0|0|0|0],100,0,0,0,0,0,0,0,5,0,0,0,0,0,0,0,0,0,0,0,0,0,0,0
10200010,c1020_Samurai General_Jinhaori -- c1020_侍大将_陣羽織あり,-1,1,99999,99999,99999,99999,99999,99999,99999,0,[0|0|0|0|0|0|0],100,0,0,0,0,0,0,0,10,0,0,0,0,0,0,0,0,0,0,0,0,0,0,0
10205000,c1020_ General Samurai -- c1020_侍大将,-1,5,99999,99999,99999,99999,99999,99999,99999,0,[0|0|0|0|0|0|0],100,0,0,0,0,0,0,0,50,0,0,0,0,0,0,0,0,0,0,0,0,0,0,0
10205010,c1020_Samurai General_Jinhaori -- c1020_侍大将_陣羽織あり,-1,4,99999,99999,99999,99999,99999,99999,99999,0,[0|0|0|0|0|0|0],100,0,0,0,0,0,0,0,1,0,0,0,0,0,0,0,0,0,0,0,0,0,0,0
10400000,c1040_ Centipede size -- c1040_ムカデ大,-1,1,99999,99999,99999,99999,99999,99999,99999,0,[0|0|0|0|0|0|0],100,0,0,0,0,0,0,0,10,0,0,0,0,0,0,0,0,0,0,0,0,0,0,0
10405000,c1040_ Centipede size -- c1040_ムカデ大,-1,4,99999,99999,99999,99999,99999,99999,99999,0,[0|0|0|0|0|0|0],100,0,0,0,0,0,0,0,1,0,0,0,0,0,0,0,0,0,0,0,0,0,0,0
10700000,c1070_ Shura Samurai -- c1070_修羅侍,-1,1,99999,99999,99999,99999,99999,99999,99999,0,[0|0|0|0|0|0|0],100,0,0,0,0,0,0,0,10,0,0,0,0,0,0,0,0,0,0,0,0,0,0,0
10705000,c1070_ Shura Samurai -- c1070_修羅侍,-1,4,99999,99999,99999,99999,99999,99999,99999,0,[0|0|0|0|0|0|0],100,0,0,0,0,0,0,0,1,0,0,0,0,0,0,0,0,0,0,0,0,0,0,0
10800000,c1080_ Seven-sided warrior -- c1080_七面武者,-1,1,99999,99999,99999,99999,99999,99999,99999,0,[0|0|0|0|0|0|0],100,0,0,0,0,0,0,0,10,0,0,0,0,0,0,0,0,0,0,0,0,0,0,0
10805000,c1080_ Seven-sided warrior -- c1080_七面武者,-1,4,99999,99999,99999,99999,99999,99999,99999,0,[0|0|0|0|0|0|0],100,0,0,0,0,0,0,0,1,0,0,0,0,0,0,0,0,0,0,0,0,0,0,0
11300000,c1130_ Nanban armor -- c1130_南蛮甲冑,-1,1,99999,99999,99999,99999,99999,99999,99999,0,[0|0|0|0|0|0|0],100,0,0,0,0,0,0,0,10,0,0,0,0,0,0,0,0,0,0,0,0,0,0,0
11305000,c1130_ Nanban armor -- c1130_南蛮甲冑,-1,4,99999,99999,99999,99999,99999,99999,99999,0,[0|0|0|0|0|0|0],100,0,0,0,0,0,0,0,1,0,0,0,0,0,0,0,0,0,0,0,0,0,0,0
13500000,c1350_ neckless -- c1350_首なし,-1,1,99999,99999,99999,99999,99999,99999,99999,0,[0|0|0|0|0|0|0],100,0,0,0,0,0,0,0,10,0,0,0,0,0,0,0,0,0,0,0,0,0,0,0
13505000,c1350_ neckless -- c1350_首なし,-1,4,99999,99999,99999,99999,99999,99999,99999,0,[0|0|0|0|0|0|0],100,0,0,0,0,0,0,0,1,0,0,0,0,0,0,0,0,0,0,0,0,0,0,0
13700000,c1370_ fire cow -- c1370_火牛,-1,1,99999,99999,99999,99999,99999,99999,99999,0,[0|0|0|0|0|0|0],100,0,0,0,0,0,0,0,10,0,0,0,0,0,0,0,0,0,0,0,0,0,0,0
13705000,c1370_ fire cow -- c1370_火牛,-1,4,99999,99999,99999,99999,99999,99999,99999,0,[0|0|0|0|0|0|0],100,0,0,0,0,0,0,0,1,0,0,0,0,0,0,0,0,0,0,0,0,0,0,0
50200000,c5020_ Caucasian slave -- c5020_白人奴隷,-1,1,99999,99999,99999,99999,99999,99999,99999,0,[0|0|0|0|0|0|0],100,0,0,0,0,0,0,0,10,0,0,0,0,0,0,0,0,0,0,0,0,0,0,0
50205000,c5020_ Caucasian slave -- c5020_白人奴隷,-1,4,99999,99999,99999,99999,99999,99999,99999,0,[0|0|0|0|0|0|0],100,0,0,0,0,0,0,0,1,0,0,0,0,0,0,0,0,0,0,0,0,0,0,0
70000000,c7000_ female player -- c7000_女奏者,-1,1,99999,99999,99999,99999,99999,99999,99999,0,[0|0|0|0|0|0|0],100,0,0,0,0,0,0,0,10,0,0,0,0,0,0,0,0,0,0,0,0,0,0,0
70005000,c7000_ female player -- c7000_女奏者,-1,4,99999,99999,99999,99999,99999,99999,99999,0,[0|0|0|0|0|0|0],100,0,0,0,0,0,0,0,1,0,0,0,0,0,0,0,0,0,0,0,0,0,0,0
999999100,[For mounting test] 100% red shape -- 【実装テスト用】赤形代100%,-1,1,99999,99999,99999,99999,99999,99999,99999,0,[0|0|0|0|0|0|0],100,0,0,0,0,0,0,0,1,0,0,0,0,0,0,0,0,0,0,0,0,0,0,0
999999110,[For mounting test] 50% red shape -- 【実装テスト用】赤形代50%,-1,1,0,99999,99999,99999,99999,99999,99999,0,[0|0|0|0|0|0|0],100,100,0,0,0,0,0,0,1,0,0,0,0,0,0,0,0,0,0,0,0,0,0,0
999999120,[For mounting test] Red form 20% -- 【実装テスト用】赤形代20%,-1,1,0,99999,99999,99999,99999,99999,99999,0,[0|0|0|0|0|0|0],20,80,0,0,0,0,0,0,1,0,0,0,0,0,0,0,0,0,0,0,0,0,0,0
999999130,[For mounting test] Red or blue -- 【実装テスト用】赤形代or青形代,-1,1,1,99999,99999,99999,99999,99999,99999,0,[0|0|0|0|0|0|0],100,100,0,0,0,0,0,0,1,1,0,0,0,0,0,0,0,0,0,0,0,0,0,0
999999140,[For mounting test] 0 to 7 white shapes -- 【実装テスト用】白形代0～7個,-1,1,1,1,1,1,1,1,0,0,[0|0|0|0|0|0|0],100,100,100,100,100,100,100,100,1,2,3,4,5,6,7,8,0,0,0,0,0,0,0,0
999999150,[For mounting test] 1/3 of the blue shape -- 【実装テスト用】青形代1/3個,-1,1,99999,99999,99999,99999,99999,99999,99999,0,[0|0|0|0|0|0|0],100,0,0,0,0,0,0,0,1,0,0,0,0,0,0,0,0,0,0,0,0,0,0,0
999999151,[For mounting test] 2/3 blue shape -- 【実装テスト用】青形代2/3個,-1,1,99999,99999,99999,99999,99999,99999,99999,0,[0|0|0|0|0|0|0],100,0,0,0,0,0,0,0,1,0,0,0,0,0,0,0,0,0,0,0,0,0,0,0
999999152,[For mounting test] 3/3 blue-shaped charges -- 【実装テスト用】青形代3/3個,-1,1,99999,99999,99999,99999,99999,99999,99999,0,[0|0|0|0|0|0|0],100,0,0,0,0,0,0,0,1,0,0,0,0,0,0,0,0,0,0,0,0,0,0,0
999999160,[For mounting test] 1/3 of red- blue and white -- 【実装テスト用】赤青白形代1/3個,-1,1,99999,99999,99999,99999,99999,99999,99999,0,[0|0|0|0|0|0|0],100,0,0,0,0,0,0,0,1,0,0,0,0,0,0,0,0,0,0,0,0,0,0,0
999999161,[For mounting test] Red- blue- white- 2/3 pieces -- 【実装テスト用】赤青白形代2/3個,-1,1,99999,99999,99999,99999,99999,99999,99999,0,[0|0|0|0|0|0|0],100,0,0,0,0,0,0,0,1,0,0,0,0,0,0,0,0,0,0,0,0,0,0,0
999999162,[For mounting test] Red- blue- white- 3/3 pieces -- 【実装テスト用】赤青白形代3/3個,-1,1,99999,99999,99999,99999,99999,99999,99999,0,[0|0|0|0|0|0|0],100,0,0,0,0,0,0,0,1,0,0,0,0,0,0,0,0,0,0,0,0,0,0,0
999999170,[For mounting test] 1/3 random red- blue and white -- 【実装テスト用】赤青白形代ランダム1/3個,-1,1,1,1,99999,99999,99999,99999,99999,0,[0|0|0|0|0|0|0],100,100,100,0,0,0,0,0,1,1,1,0,0,0,0,0,0,0,0,0,0,0,0,0
999999171,[For mounting test] Red Blue White Random 2/3 pieces -- 【実装テスト用】赤青白形代ランダム2/3個,-1,1,1,1,99999,99999,99999,99999,99999,0,[0|0|0|0|0|0|0],100,100,100,0,0,0,0,0,1,1,1,0,0,0,0,0,0,0,0,0,0,0,0,0
999999172,[For mounting test] Red- blue- white- random 3/3 pieces -- 【実装テスト用】赤青白形代ランダム3/3個,-1,1,1,1,99999,99999,99999,99999,99999,0,[0|0|0|0|0|0|0],100,100,100,0,0,0,0,0,1,1,1,0,0,0,0,0,0,0,0,0,0,0,0,0
999999180,[For implementation test] White form _ Acquired flag ID 9170 -- 【実装テスト用】白形代_取得済みフラグID9170,9170,1,99999,99999,99999,99999,99999,99999,99999,0,[0|0|0|0|0|0|0],100,0,0,0,0,0,0,0,1,0,0,0,0,0,0,0,0,0,0,0,0,0,0,0
999999190,[For mounting test] 99 white shapes -- 【実装テスト用】白形代99個,-1,1,99999,99999,99999,99999,99999,99999,99999,0,[0|0|0|0|0|0|0],100,0,0,0,0,0,0,0,99,0,0,0,0,0,0,0,0,0,0,0,0,0,0,0
999999200,[For mounting test] Off -- 【実装テスト用】はずれ,-1,0,99999,99999,99999,99999,99999,99999,99999,0,[0|0|0|0|0|0|0],100,0,0,0,0,0,0,0,1,0,0,0,0,0,0,0,0,0,0,0,0,0,0,0
